Designator,Val,Package,Mid X,Mid Y,Rotation,Layer
C1,100nF,C_0805_2012Metric_Pad1.15x1.40mm_HandSolder,163.068,-54.864,270,bottom
C2,100nF,C_0805_2012Metric_Pad1.15x1.40mm_HandSolder,220.218,-35.814,90,bottom
C3,100nF,C_0805_2012Metric_Pad1.15x1.40mm_HandSolder,49.022,-35.814,90,bottom
C4,100nF,C_0805_2012Metric_Pad1.15x1.40mm_HandSolder,125.222,-92.955,270,bottom
C5,100nF,C_0805_2012Metric_Pad1.15x1.40mm_HandSolder,163.322,-73.914,90,bottom
C6,100nF,C_0805_2012Metric_Pad1.15x1.40mm_HandSolder,239.522,-35.814,90,bottom
C7,100nF,C_0805_2012Metric_Pad1.15x1.40mm_HandSolder,49.022,-92.71,270,bottom
C8,100nF,C_0805_2012Metric_Pad1.15x1.40mm_HandSolder,220.472,-54.864,270,bottom
C9,100nF,C_0805_2012Metric_Pad1.15x1.40mm_HandSolder,87.122,-92.964,270,bottom
C10,100nF,C_0805_2012Metric_Pad1.15x1.40mm_HandSolder,25.9,-42.9,0,bottom
C11,100nF,C_0805_2012Metric_Pad1.15x1.40mm_HandSolder,68.072,-35.814,90,bottom
C12,100nF,C_0805_2012Metric_Pad1.15x1.40mm_HandSolder,124.968,-54.864,270,bottom
C13,100nF,C_0805_2012Metric_Pad1.15x1.40mm_HandSolder,258.318,-73.914,90,bottom
C14,100nF,C_0805_2012Metric_Pad1.15x1.40mm_HandSolder,68.072,-73.66,90,bottom
C15,100nF,C_0805_2012Metric_Pad1.15x1.40mm_HandSolder,201.168,-54.864,270,bottom
C16,100nF,C_0805_2012Metric_Pad1.15x1.40mm_HandSolder,239.268,-54.864,270,bottom
C17,100nF,C_0805_2012Metric_Pad1.15x1.40mm_HandSolder,105.918,-73.914,90,bottom
C18,100nF,C_0805_2012Metric_Pad1.15x1.40mm_HandSolder,49.022,-73.834,90,bottom
C19,100nF,C_0805_2012Metric_Pad1.15x1.40mm_HandSolder,220.472,-92.964,270,bottom
C20,100nF,C_0805_2012Metric_Pad1.15x1.40mm_HandSolder,144.018,-73.914,90,bottom
C21,100nF,C_0805_2012Metric_Pad1.15x1.40mm_HandSolder,144.272,-35.814,90,bottom
C22,100nF,C_0805_2012Metric_Pad1.15x1.40mm_HandSolder,201.168,-35.814,90,bottom
C23,100nF,C_0805_2012Metric_Pad1.15x1.40mm_HandSolder,29.718,-73.914,90,bottom
C24,100nF,C_0805_2012Metric_Pad1.15x1.40mm_HandSolder,87.122,-54.864,270,bottom
C25,100nF,C_0805_2012Metric_Pad1.15x1.40mm_HandSolder,201.168,-92.964,270,bottom
C26,100nF,C_0805_2012Metric_Pad1.15x1.40mm_HandSolder,29.972,-92.964,270,bottom
C27,100nF,C_0805_2012Metric_Pad1.15x1.40mm_HandSolder,182.372,-73.914,90,bottom
C28,100nF,C_0805_2012Metric_Pad1.15x1.40mm_HandSolder,182.118,-92.964,270,bottom
C29,100nF,C_0805_2012Metric_Pad1.15x1.40mm_HandSolder,258.5,-92.7,270,bottom
C30,100nF,C_0805_2012Metric_Pad1.15x1.40mm_HandSolder,163.322,-92.964,270,bottom
C31,100nF,C_0805_2012Metric_Pad1.15x1.40mm_HandSolder,144.018,-92.964,270,bottom
C32,100nF,C_0805_2012Metric_Pad1.15x1.40mm_HandSolder,144.272,-54.864,270,bottom
C33,100nF,C_0805_2012Metric_Pad1.15x1.40mm_HandSolder,182.372,-35.814,270,bottom
C34,100nF,C_0805_2012Metric_Pad1.15x1.40mm_HandSolder,239.522,-92.71,90,bottom
C35,100nF,C_0805_2012Metric_Pad1.15x1.40mm_HandSolder,68.072,-54.864,90,bottom
C36,100nF,C_0805_2012Metric_Pad1.15x1.40mm_HandSolder,258.572,-35.814,270,bottom
C37,100nF,C_0805_2012Metric_Pad1.15x1.40mm_HandSolder,163.068,-35.814,270,bottom
C38,100nF,C_0805_2012Metric_Pad1.15x1.40mm_HandSolder,105.918,-35.814,270,bottom
C39,100nF,C_0805_2012Metric_Pad1.15x1.40mm_HandSolder,106.172,-54.864,90,bottom
C40,100nF,C_0805_2012Metric_Pad1.15x1.40mm_HandSolder,239.522,-73.914,270,bottom
C41,100nF,C_0805_2012Metric_Pad1.15x1.40mm_HandSolder,68.072,-92.71,90,bottom
C42,100nF,C_0805_2012Metric_Pad1.15x1.40mm_HandSolder,86.868,-73.914,270,bottom
C43,100nF,C_0805_2012Metric_Pad1.15x1.40mm_HandSolder,125.222,-73.914,270,bottom
C44,100nF,C_0805_2012Metric_Pad1.15x1.40mm_HandSolder,29.972,-54.864,90,bottom
C45,100nF,C_0805_2012Metric_Pad1.15x1.40mm_HandSolder,49,-54.8,90,bottom
C46,100nF,C_0805_2012Metric_Pad1.15x1.40mm_HandSolder,125.222,-35.814,270,bottom
C47,100nF,C_0805_2012Metric_Pad1.15x1.40mm_HandSolder,201.168,-73.914,270,bottom
C48,100nF,C_0805_2012Metric_Pad1.15x1.40mm_HandSolder,86.868,-35.814,270,bottom
C49,100nF,C_0805_2012Metric_Pad1.15x1.40mm_HandSolder,105.918,-92.71,90,bottom
C50,100nF,C_0805_2012Metric_Pad1.15x1.40mm_HandSolder,182.118,-54.864,90,bottom
C51,100nF,C_0805_2012Metric_Pad1.15x1.40mm_HandSolder,220.472,-73.914,270,bottom
C52,100nF,C_0805_2012Metric_Pad1.15x1.40mm_HandSolder,258.572,-54.864,90,bottom
C53,22pF,C_0805_2012Metric_Pad1.15x1.40mm_HandSolder,91,-25.19,270,bottom
C54,100nF,C_0805_2012Metric_Pad1.15x1.40mm_HandSolder,29.718,-35.814,90,bottom
C55,100nF,C_0805_2012Metric_Pad1.15x1.40mm_HandSolder,88.475,-32.8,180,bottom
C56,22pF,C_0805_2012Metric_Pad1.15x1.40mm_HandSolder,84.35,-30.3,90,bottom
C57,100nF,C_0805_2012Metric_Pad1.15x1.40mm_HandSolder,47.76,-31.93,180,bottom
C58,1uF,C_0805_2012Metric_Pad1.15x1.40mm_HandSolder,104.77,-32.36,180,bottom
C59,1uF,C_0805_2012Metric_Pad1.15x1.40mm_HandSolder,27.686,-33.528,90,bottom
C60,100nF,C_0805_2012Metric_Pad1.15x1.40mm_HandSolder,44.196,-38.354,270,bottom
C61,10uF,C_0805_2012Metric_Pad1.15x1.40mm_HandSolder,62.75,-27.6,0,bottom
C62,100uF,CP_EIA-3216-18_Kemet-A_Pad1.58x1.35mm_HandSolder,23.59,-28.42,270,bottom
C63,4.7nF,C_0805_2012Metric_Pad1.15x1.40mm_HandSolder,21.48,-29.065,90,bottom
D1,LL4148,D_MiniMELF_Handsoldering,36.83,-45.974,90,bottom
D2,LL4148,D_MiniMELF_Handsoldering,55.88,-45.974,90,bottom
D3,LL4148,D_MiniMELF_Handsoldering,74.93,-45.974,90,bottom
D4,LL4148,D_MiniMELF_Handsoldering,93.98,-45.8,90,bottom
D5,LL4148,D_MiniMELF_Handsoldering,113.03,-46.45,90,bottom
D6,LL4148,D_MiniMELF_Handsoldering,132.05,-46.1,90,bottom
D7,LL4148,D_MiniMELF_Handsoldering,151.7,-46.5,90,bottom
D8,LL4148,D_MiniMELF_Handsoldering,170.75,-46.7,90,bottom
D9,LL4148,D_MiniMELF_Handsoldering,189.55,-46.75,90,bottom
D10,LL4148,D_MiniMELF_Handsoldering,208.5,-46.8,90,bottom
D11,LL4148,D_MiniMELF_Handsoldering,227.75,-46.7,90,bottom
D12,LL4148,D_MiniMELF_Handsoldering,246.9,-46.6,90,bottom
D13,LL4148,D_MiniMELF_Handsoldering,265.2,-46.4,90,bottom
D14,1N5819,D_SMA-SMB_Universal_Handsoldering,55.31,-25.654,180,bottom
D15,LL4148,D_MiniMELF_Handsoldering,36.83,-65.024,90,bottom
D16,LL4148,D_MiniMELF_Handsoldering,55.88,-65.024,90,bottom
D17,LL4148,D_MiniMELF_Handsoldering,74.903083,-64.991754,90,bottom
D18,LL4148,D_MiniMELF_Handsoldering,93.98,-65.024,90,bottom
D19,LL4148,D_MiniMELF_Handsoldering,113.03,-65.024,90,bottom
D20,LL4148,D_MiniMELF_Handsoldering,132.08,-65.024,90,bottom
D21,LL4148,D_MiniMELF_Handsoldering,151.13,-65.024,90,bottom
D22,LL4148,D_MiniMELF_Handsoldering,170.18,-65.024,90,bottom
D23,LL4148,D_MiniMELF_Handsoldering,189.23,-65.024,90,bottom
D24,LL4148,D_MiniMELF_Handsoldering,208.28,-65.278,90,bottom
D25,LL4148,D_MiniMELF_Handsoldering,227.33,-65.024,90,bottom
D26,LL4148,D_MiniMELF_Handsoldering,246.38,-65.024,90,bottom
D27,LL4148,D_MiniMELF_Handsoldering,265.43,-65.024,90,bottom
D28,LL4148,D_MiniMELF_Handsoldering,36.83,-84.074,90,bottom
D29,LL4148,D_MiniMELF_Handsoldering,55.88,-84.074,90,bottom
D30,LL4148,D_MiniMELF_Handsoldering,74.93,-84.074,90,bottom
D31,LL4148,D_MiniMELF_Handsoldering,93.98,-84.074,90,bottom
D32,LL4148,D_MiniMELF_Handsoldering,113.03,-84.074,90,bottom
D33,LL4148,D_MiniMELF_Handsoldering,132.08,-84.074,90,bottom
D34,LL4148,D_MiniMELF_Handsoldering,151.13,-84.074,90,bottom
D35,LL4148,D_MiniMELF_Handsoldering,170.18,-84.074,90,bottom
D36,LL4148,D_MiniMELF_Handsoldering,189.23,-84.074,90,bottom
D37,LL4148,D_MiniMELF_Handsoldering,208.28,-84.074,90,bottom
D38,LL4148,D_MiniMELF_Handsoldering,227.33,-84.074,90,bottom
D39,LL4148,D_MiniMELF_Handsoldering,246.38,-84.074,90,bottom
D40,LL4148,D_MiniMELF_Handsoldering,265.43,-84.074,90,bottom
D41,LL4148,D_MiniMELF_Handsoldering,36.95,-98.4,270,bottom
D42,LL4148,D_MiniMELF_Handsoldering,56.05,-98.55,270,bottom
D43,LL4148,D_MiniMELF_Handsoldering,74.93,-97.536,270,bottom
D44,LL4148,D_MiniMELF_Handsoldering,93.98,-97.536,270,bottom
D45,LL4148,D_MiniMELF_Handsoldering,113.03,-97.536,270,bottom
D46,LL4148,D_MiniMELF_Handsoldering,132.08,-97.536,270,bottom
D47,LL4148,D_MiniMELF_Handsoldering,151.13,-97.536,270,bottom
D48,LL4148,D_MiniMELF_Handsoldering,170.18,-97.536,270,bottom
D49,LL4148,D_MiniMELF_Handsoldering,189.23,-97.536,270,bottom
D50,LL4148,D_MiniMELF_Handsoldering,208.28,-97.536,270,bottom
D51,LL4148,D_MiniMELF_Handsoldering,227.33,-97.536,270,bottom
D52,LL4148,D_MiniMELF_Handsoldering,246.38,-97.536,270,bottom
D53,LL4148,D_MiniMELF_Handsoldering,265.43,-97.536,270,bottom
D54,1N5819,D_SMA-SMB_Universal_Handsoldering,37.338,-37.338,0,bottom
D55,1N5819,D_SMA-SMB_Universal_Handsoldering,22.8,-36.2,90,bottom
D56,TPD4E02B04DQAR,DQA(R-PUSON-N10),39.116,-28.194,270,bottom
D57,TPD4E02B04DQAR,DQA(R-PUSON-N10),39,-25.2,270,bottom
J3,USB_C_Receptacle_USB2.0,USB_C_Receptacle,30.04,-25.43,0,bottom
Q1,KRC106S,SOT-23,48.514,-28.194,270,bottom
R1,1M,R_0805_2012Metric_Pad1.15x1.40mm_HandSolder,62.75,-25.65,180,bottom
R2,5.1k,R_0805_2012Metric_Pad1.15x1.40mm_HandSolder,39.624,-31.75,90,bottom
R3,5.1k,R_0805_2012Metric_Pad1.15x1.40mm_HandSolder,47.9,-24.3,180,bottom
R4,22,R_0805_2012Metric_Pad1.15x1.40mm_HandSolder,43.18,-25.654,180,bottom
R5,22,R_0805_2012Metric_Pad1.15x1.40mm_HandSolder,43.19,-27.65,180,bottom
R6,1.5k,R_0805_2012Metric_Pad1.15x1.40mm_HandSolder,43.21,-29.63,0,bottom
R7,1.5k,R_0805_2012Metric_Pad1.15x1.40mm_HandSolder,52.625,-29.15,0,bottom
R8,1M,R_0805_2012Metric_Pad1.15x1.40mm_HandSolder,21.48,-25.28,270,bottom
U1,STM32F303CCTx,LQFP-48_7x7mm_P0.5mm,97.2,-32.2,315,bottom
U2,MCP1700-3302E_SOT23,SOT-23,43.61,-33.23,270,bottom
Y1,8MHz,Crystal_SMD_3225-4Pin_3.2x2.5mm_HandSoldering,87.6,-27.85,90,bottom
